{"notRun":false,"notShow":false,"skipBagButTestFailed":false,"skipBag":false,"beginCycle":false,"endCycle":false,"list":[{"notRun":false,"notShow":false,"skipBagButTestFailed":false,"skipBag":false,"beginCycle":false,"endCycle":false,"suite":"РЖД","shortName":"rjd","list":[{"notRun":false,"notShow":false,"skipBagButTestFailed":false,"skipBag":false,"beginCycle":false,"endCycle":false,"test":"Анкетирование","shortName":"a","value":"","list":[{"notRun":false,"notShow":false,"skipBagButTestFailed":false,"skipBag":false,"beginCycle":true,"endCycle":false,"numberIterationsCycle":"50","dependingOnTheTestsList":[],"status":"EXPECTS","errorMessage":"","attachments":{}},{"notRun":false,"notShow":false,"skipBagButTestFailed":false,"skipBag":false,"beginCycle":false,"endCycle":false,"step":"Открыть страницу","key":"","value":"http://szfpk.link.sendsay.ru/szfpk/4967,COCKISL3PofKcGXEW0FDUg/946,58549916,612529,?aHR0cDovL2ZwYy5ydS9wcmVzZW50YXRpb24vRlBDL09wcm9zMjAxNjAzL0Fua2V0YS5odG0/Lw\u003d\u003d","dependingOnTheTestsList":[],"status":"EXPECTS","errorMessage":"","attachments":{}},{"notRun":false,"notShow":false,"skipBagButTestFailed":false,"skipBag":true,"beginCycle":false,"endCycle":false,"step":"Нажать на кнопку","key":"//button[text()\u003d\u0027Начать анкетирование\u0027]","dependingOnTheTestsList":[],"status":"EXPECTS","errorMessage":"","attachments":{}},{"notRun":false,"notShow":false,"skipBagButTestFailed":false,"skipBag":false,"beginCycle":false,"endCycle":false,"step":"Заполнить выпадающий список","key":"//span[@title\u003d\u0027Введите направление и выберите маршрут\u0027]","value":"Адлер - Москва \"Премиум\"; № поезда 102/102","dependingOnTheTestsList":[],"status":"EXPECTS","errorMessage":"","attachments":{}},{"notRun":false,"notShow":false,"skipBagButTestFailed":false,"skipBag":false,"beginCycle":false,"endCycle":false,"step":"Нажать на кнопку","key":"//li/label[text()\u003d\u0027Люкс\u0027]/../input","dependingOnTheTestsList":[],"status":"EXPECTS","errorMessage":"","attachments":{}},{"notRun":false,"notShow":false,"skipBagButTestFailed":false,"skipBag":false,"beginCycle":false,"endCycle":false,"step":"Нажать на кнопку","key":"//li/label[text()\u003d\u0027Личная / Бытовая\u0027]/../input","dependingOnTheTestsList":[],"status":"EXPECTS","errorMessage":"","attachments":{}},{"notRun":false,"notShow":false,"skipBagButTestFailed":false,"skipBag":false,"beginCycle":false,"endCycle":false,"step":"Заполнить выпадающий список","key":"//select[@class\u003d\u0027form-control small\u0027][contains(@id,\u0027day\u0027)]","value":"04","dependingOnTheTestsList":[],"status":"EXPECTS","errorMessage":"","attachments":{}},{"notRun":false,"notShow":false,"skipBagButTestFailed":false,"skipBag":false,"beginCycle":false,"endCycle":false,"step":"Заполнить выпадающий список","key":"//select[@class\u003d\u0027form-control small\u0027][contains(@id,\u0027month\u0027)]","value":"Апр","dependingOnTheTestsList":[],"status":"EXPECTS","errorMessage":"","attachments":{}},{"notRun":false,"notShow":false,"skipBagButTestFailed":false,"skipBag":true,"beginCycle":false,"endCycle":false,"step":"Заполнить выпадающий список","key":"//select[@class\u003d\u0027form-control small\u0027][contains(@id,\u0027month\u0027)]/../input","value":"2018","dependingOnTheTestsList":[],"status":"EXPECTS","errorMessage":"","attachments":{}},{"notRun":false,"notShow":false,"skipBagButTestFailed":false,"skipBag":false,"beginCycle":false,"endCycle":false,"timeoutMilliseconds":"1000","step":"Нажать на кнопку","key":"//div[contains(text(),\u0027Учитывая опыт Вашей поездки (на поезде, отмеченном в вопросе №1), насколько вероятно, что в следующий раз Вы выберите данный поезд для совершения поездки?\u0027)]/../div[@class\u003d\u0027input\u0027]/table/tbody/tr/td/input","dependingOnTheTestsList":[],"status":"EXPECTS","errorMessage":"","attachments":{}},{"notRun":false,"notShow":false,"skipBagButTestFailed":false,"skipBag":true,"beginCycle":false,"endCycle":false,"timeoutMilliseconds":"1000","step":"Нажать на кнопку","key":"//div[contains(text(),\u0027Насколько вероятно, что Вы порекомендуете своим знакомым поезд для совершения поездки?\u0027)]/../div[@class\u003d\u0027input\u0027]/table/tbody/tr/td/input","dependingOnTheTestsList":[],"status":"EXPECTS","errorMessage":"","attachments":{}},{"notRun":false,"notShow":false,"skipBagButTestFailed":false,"skipBag":false,"beginCycle":false,"endCycle":false,"step":"Нажать на кнопку","key":"//li/label[text()\u003d\u0027Нет (пользуюсь только услугами ФПК)\u0027]/../input","dependingOnTheTestsList":[],"status":"EXPECTS","errorMessage":"","attachments":{}},{"notRun":false,"notShow":false,"skipBagButTestFailed":false,"skipBag":false,"beginCycle":false,"endCycle":false,"step":"Нажать на кнопку","key":"//button[contains(text(),\u0027Далее\u0027)]","dependingOnTheTestsList":[],"status":"EXPECTS","errorMessage":"","attachments":{}},{"notRun":false,"notShow":false,"skipBagButTestFailed":false,"skipBag":false,"beginCycle":false,"endCycle":false,"step":"Нажать на кнопку","key":"//li/label[text()\u003d\u0027Сайт ОАО «РЖД» (pass.rzd.ru)\u0027]/../input","dependingOnTheTestsList":[],"status":"EXPECTS","errorMessage":"","attachments":{}},{"notRun":false,"notShow":false,"skipBagButTestFailed":false,"skipBag":true,"beginCycle":false,"endCycle":false,"step":"Нажать на кнопку","key":"//form[@class\u003d\u0027form survey-form\u0027]/div[@class\u003d\u0027questions\u0027]/div[not(contains(@class,\u0027hidden\u0027))]/div/table/tbody/tr/td[text()\u003d\u0027Время оформления билета\u0027]/../td[@class\u003d\u0027p cell\u0027]","dependingOnTheTestsList":[],"status":"EXPECTS","errorMessage":"","attachments":{}},{"notRun":false,"notShow":false,"skipBagButTestFailed":false,"skipBag":true,"beginCycle":false,"endCycle":false,"step":"Нажать на кнопку","key":"//form[@class\u003d\u0027form survey-form\u0027]/div[@class\u003d\u0027questions\u0027]/div[not(contains(@class,\u0027hidden\u0027))]/div/table/tbody/tr/td[text()\u003d\u0027Простота процедуры оформления билета\u0027]/../td[@class\u003d\u0027p cell\u0027]","dependingOnTheTestsList":[],"status":"EXPECTS","errorMessage":"","attachments":{}},{"notRun":false,"notShow":false,"skipBagButTestFailed":false,"skipBag":true,"beginCycle":false,"endCycle":false,"step":"Нажать на кнопку","key":"//form[@class\u003d\u0027form survey-form\u0027]/div[@class\u003d\u0027questions\u0027]/div[@class\u003d\u0027question question-matrix question-required\u0027]/div/table/tbody/tr/td[text()\u003d\u0027Удобство оплаты\u0027]/../td[@class\u003d\u0027p cell\u0027]","dependingOnTheTestsList":[],"status":"EXPECTS","errorMessage":"","attachments":{}},{"notRun":false,"notShow":false,"skipBagButTestFailed":false,"skipBag":true,"beginCycle":false,"endCycle":false,"step":"Нажать на кнопку","key":"//form[@class\u003d\u0027form survey-form\u0027]/div[@class\u003d\u0027questions\u0027]/div[not(contains(@class,\u0027hidden\u0027))]/div/table/tbody/tr/td[text()\u003d\u0027Общая оценка\u0027]/../td[@class\u003d\u0027p cell\u0027]","dependingOnTheTestsList":[],"status":"EXPECTS","errorMessage":"","attachments":{}},{"notRun":false,"notShow":false,"skipBagButTestFailed":false,"skipBag":true,"beginCycle":false,"endCycle":false,"step":"Нажать на кнопку","key":"//form[@class\u003d\u0027form survey-form\u0027]/div[@class\u003d\u0027questions\u0027]/div[not(contains(@class,\u0027hidden\u0027))]/div/table/tbody/tr/td[text()\u003d\u0027Полнота предоставляемой информации\u0027]/../td[@class\u003d\u0027p cell\u0027]","dependingOnTheTestsList":[],"status":"EXPECTS","errorMessage":"","attachments":{}},{"notRun":false,"notShow":false,"skipBagButTestFailed":false,"skipBag":false,"beginCycle":false,"endCycle":false,"step":"Нажать на кнопку","key":"//button[contains(text(),\u0027Далее\u0027)]","dependingOnTheTestsList":[],"status":"EXPECTS","errorMessage":"","attachments":{}},{"notRun":false,"notShow":false,"skipBagButTestFailed":false,"skipBag":false,"beginCycle":false,"endCycle":false,"step":"Нажать на кнопку","key":"//li/label[text()\u003d\u0027Цена соответствует\u0027]/../input","dependingOnTheTestsList":[],"status":"EXPECTS","errorMessage":"","attachments":{}},{"notRun":false,"notShow":false,"skipBagButTestFailed":false,"skipBag":false,"beginCycle":false,"endCycle":false,"step":"Нажать на кнопку","key":"//button[contains(text(),\u0027Далее\u0027)]","dependingOnTheTestsList":[],"status":"EXPECTS","errorMessage":"","attachments":{}},{"notRun":false,"notShow":false,"skipBagButTestFailed":false,"skipBag":false,"beginCycle":false,"endCycle":false,"step":"Нажать на кнопку","key":"//li/label[text()\u003d\u0027Услугами питания не пользовался(-лась)\u0027]/../input","dependingOnTheTestsList":[],"status":"EXPECTS","errorMessage":"","attachments":{}},{"notRun":false,"notShow":false,"skipBagButTestFailed":false,"skipBag":false,"beginCycle":false,"endCycle":false,"step":"Нажать на кнопку","key":"//li/label[text()\u003d\u0027Нет\u0027]/../input","dependingOnTheTestsList":[],"status":"EXPECTS","errorMessage":"","attachments":{}},{"notRun":true,"notShow":false,"skipBagButTestFailed":false,"skipBag":false,"beginCycle":false,"endCycle":false,"step":"Нажать на кнопку","key":"//form[@class\u003d\u0027form survey-form\u0027]/div[@class\u003d\u0027questions\u0027]/div[not(contains(@class,\u0027hidden\u0027))]/div/table/tbody/tr/td[text()\u003d\u0027Ассортимент набора \u0027]/../td[@class\u003d\u0027p cell\u0027]","dependingOnTheTestsList":[],"status":"EXPECTS","errorMessage":"","attachments":{}},{"notRun":true,"notShow":false,"skipBagButTestFailed":false,"skipBag":false,"beginCycle":false,"endCycle":false,"step":"Нажать на кнопку","key":"//form[@class\u003d\u0027form survey-form\u0027]/div[@class\u003d\u0027questions\u0027]/div[not(contains(@class,\u0027hidden\u0027))]/div/table/tbody/tr/td[text()\u003d\u0027Качество набора \u0027]/../td[@class\u003d\u0027p cell\u0027]","dependingOnTheTestsList":[],"status":"EXPECTS","errorMessage":"","attachments":{}},{"notRun":true,"notShow":false,"skipBagButTestFailed":false,"skipBag":false,"beginCycle":false,"endCycle":false,"step":"Нажать на кнопку","key":"//form[@class\u003d\u0027form survey-form\u0027]/div[@class\u003d\u0027questions\u0027]/div[not(contains(@class,\u0027hidden\u0027))]/div/table/tbody/tr/td[text()\u003d\u0027Упаковка набора \u0027]/../td[@class\u003d\u0027p cell\u0027]","dependingOnTheTestsList":[],"status":"EXPECTS","errorMessage":"","attachments":{}},{"notRun":true,"notShow":false,"skipBagButTestFailed":false,"skipBag":false,"beginCycle":false,"endCycle":false,"step":"Нажать на кнопку","key":"//form[@class\u003d\u0027form survey-form\u0027]/div[@class\u003d\u0027questions\u0027]/div[not(contains(@class,\u0027hidden\u0027))]/div/table/tbody/tr/td[text()\u003d\u0027Общая оценка\u0027]/../td[@class\u003d\u0027p cell\u0027]","dependingOnTheTestsList":[],"status":"EXPECTS","errorMessage":"","attachments":{}},{"notRun":false,"notShow":false,"skipBagButTestFailed":false,"skipBag":false,"beginCycle":false,"endCycle":false,"step":"Нажать на кнопку","key":"//button[contains(text(),\u0027Далее\u0027)]","dependingOnTheTestsList":[],"status":"EXPECTS","errorMessage":"","attachments":{}},{"notRun":false,"notShow":false,"skipBagButTestFailed":false,"skipBag":false,"beginCycle":false,"endCycle":false,"step":"Нажать на кнопку","key":"//li/label[text()\u003d\u0027Читаю книги/журналы/газеты\u0027]/../input","dependingOnTheTestsList":[],"status":"EXPECTS","errorMessage":"","attachments":{}},{"notRun":false,"notShow":false,"skipBagButTestFailed":false,"skipBag":false,"beginCycle":false,"endCycle":false,"step":"Нажать на кнопку","key":"//li/label[text()\u003d\u0027Книги\u0027]/../input","dependingOnTheTestsList":[],"status":"EXPECTS","errorMessage":"","attachments":{}},{"notRun":false,"notShow":false,"skipBagButTestFailed":false,"skipBag":false,"beginCycle":false,"endCycle":false,"step":"Нажать на кнопку","key":"//li/label[text()\u003d\u0027Журналы\u0027]/../input","dependingOnTheTestsList":[],"status":"EXPECTS","errorMessage":"","attachments":{}},{"notRun":false,"notShow":false,"skipBagButTestFailed":false,"skipBag":false,"beginCycle":false,"endCycle":false,"step":"Нажать на кнопку","key":"//button[contains(text(),\u0027Далее\u0027)]","dependingOnTheTestsList":[],"status":"EXPECTS","errorMessage":"","attachments":{}},{"notRun":false,"notShow":false,"skipBagButTestFailed":false,"skipBag":false,"beginCycle":false,"endCycle":false,"step":"Нажать на кнопку","key":"//li/label[text()\u003d\u002726-35\u0027]/../input","dependingOnTheTestsList":[],"status":"EXPECTS","errorMessage":"","attachments":{}},{"notRun":false,"notShow":false,"skipBagButTestFailed":false,"skipBag":false,"beginCycle":false,"endCycle":false,"step":"Нажать на кнопку","key":"//li/label[text()\u003d\u0027Мужчина\u0027]/../input","dependingOnTheTestsList":[],"status":"EXPECTS","errorMessage":"","attachments":{}},{"notRun":false,"notShow":false,"skipBagButTestFailed":false,"skipBag":false,"beginCycle":false,"endCycle":false,"step":"Нажать на кнопку","key":"//li/label[text()\u003d\u0027Специалист\u0027]/../input","dependingOnTheTestsList":[],"status":"EXPECTS","errorMessage":"","attachments":{}},{"notRun":false,"notShow":false,"skipBagButTestFailed":false,"skipBag":false,"beginCycle":false,"endCycle":false,"step":"Нажать на кнопку","key":"//li/label[text()\u003d\u0027Денег хватает на продукты питания и вещи первой необходимости, для покупки бытовой техники деньги вынуждены откладывать\u0027]/../input","dependingOnTheTestsList":[],"status":"EXPECTS","errorMessage":"","attachments":{}},{"notRun":false,"notShow":false,"skipBagButTestFailed":false,"skipBag":false,"beginCycle":false,"endCycle":false,"step":"Нажать на кнопку","key":"//li/label[text()\u003d\u0027Один раз в год и реже\u0027]/../input","dependingOnTheTestsList":[],"status":"EXPECTS","errorMessage":"","attachments":{}},{"notRun":false,"notShow":false,"skipBagButTestFailed":false,"skipBag":false,"beginCycle":false,"endCycle":false,"step":"Нажать на кнопку","key":"//button[contains(text(),\u0027Далее\u0027)]","dependingOnTheTestsList":[],"status":"EXPECTS","errorMessage":"","attachments":{}},{"notRun":false,"notShow":false,"skipBagButTestFailed":false,"skipBag":false,"beginCycle":false,"endCycle":false,"step":"Сделать снимок браузера","key":"123","dependingOnTheTestsList":[],"status":"EXPECTS","errorMessage":"","attachments":{}},{"notRun":false,"notShow":false,"skipBagButTestFailed":false,"skipBag":false,"beginCycle":false,"endCycle":false,"step":"Закрыть окно браузера","dependingOnTheTestsList":[],"status":"EXPECTS","errorMessage":"","attachments":{}},{"notRun":false,"notShow":false,"skipBagButTestFailed":false,"skipBag":false,"beginCycle":false,"endCycle":true,"dependingOnTheTestsList":[],"status":"EXPECTS","errorMessage":"","attachments":{}}],"dependingOnTheTestsList":[],"status":"EXPECTS","errorMessage":"","attachments":{}}],"dependingOnTheTestsList":[],"status":"EXPECTS","errorMessage":"","attachments":{}}],"dependingOnTheTestsList":[],"status":"EXPECTS","errorMessage":"","attachments":{}}
